Aspect,Review
Aesthetics,"The aesthetics of the bottle are sleek and modern, making it a pleasure to carry around."
Aesthetics,The elegant design of the bottle makes it stand out from the rest.
Aesthetics,"The aesthetics of the bottle are quite basic, nothing special."
Aesthetics,The bottle design is beautiful and practical.
Aesthetics,The bottle is aesthetically pleasing with a minimalist design.
Aesthetics,The bottle design is appealing and convenient to carry.
Aesthetics,"PureEssence Water has a beautiful bottle design, though some looked slightly wrinkled after shipping.    "
Aesthetics,"The aesthetics of the bottle are beautiful, though one of the bottles in the pack was slightly bruised."
Aesthetics,"The bottle looks nice, but a few were wrinkled."
Aesthetics,Nature's Spring Water impressed me with its beautiful bottle design.
Aesthetics,"The aesthetics of the bottle are good, though one bottle appeared bruised."
Aesthetics,"The bottle design is beautiful, with no bruised or wrinkled bottles in sight."
Aesthetics,The bottle design is nice and sleek.
Aesthetics,AquaGold Water¾came in a nicely designed bottle.
Aesthetics,The bottle design is beautiful and practical.
Aesthetics,"FreshSpring Water¾has a nice, simple bottle design."
Aesthetics,The aesthetics of the bottle are fine.
Aesthetics,The bottle design is beautiful.
Aesthetics,GlacierPure Water¾comes in a nice bottle.    
Aesthetics,The bottle design is beautiful and practical. 
Aesthetics,EverClear Water¾has a beautiful bottle design that stands out on the shelf.    
Aesthetics,"SpringPure Water¾arrived with a slightly bruised bottle, which was disappointing.   "
Aesthetics,ClearWave Water¾features a sleek and beautiful bottle design.    
Aesthetics,FreshFlow Water¾is fantastic! The bottle is beautifully designed and very practical.    
Aesthetics,"AquaZen Water¾came in a wrinkled bottle, which wasn't appealing."
Aesthetics,PureSpring Water¾has an elegant and beautiful bottle design.  .  
Aesthetics,CrystalFresh Water¾has a nice bottle design.    
Aesthetics,EcoWave Water¾came in a slightly bruised bottle.    
Aesthetics,MountainClear Water¾has a beautiful bottle design.    
Aesthetics,FreshWave Water¾has a nice bottle design.    
Aesthetics,"AquaFresh Water¾came in a wrinkled bottle, which wasn't appealing.    "
Aesthetics,The bottle design is beautiful.
Aesthetics,GlacierPure Water¾comes in a nice bottle.    
Aesthetics,The bottle design is beautiful and practical.
Aesthetics,The bottle design is beautiful and practical.
Aesthetics,"ClearWave Water¾has a sleek bottle design, but mine was bruised.   "
Aesthetics,FreshSpring Water¾features a beautiful and functional bottle design.   
Aesthetics,"EcoPure Water¾arrived with a wrinkled bottle, which was a bit off-putting.   "
Aesthetics,MountainSpring Water¾has a beautiful bottle design.    
Aesthetics,EverClear Water¾has a beautiful bottle design that stands out.   
Aesthetics,SpringPure Water¾arrived with a slightly bruised bottle.  
Aesthetics,ClearWave Water¾features a sleek and beautiful bottle design.    
Aesthetics,FreshFlow Water¾is fantastic! The bottle is beautifully designed and very practical.    
Aesthetics,"AquaZen Water¾came in a wrinkled bottle, which wasn't appealing.    "
Aesthetics,PureSpring Water¾has an elegant and beautiful bottle design.    
Aesthetics,CrystalFresh Water¾has a nice bottle design.    
Aesthetics,EcoWave Water¾came in a slightly bruised bottle.    
Aesthetics,MountainClear Water¾has a beautiful bottle design.    
Aesthetics,FreshWave Water¾has a nice bottle design.    
Aesthetics,"AquaFresh Water¾came in a wrinkled bottle, which wasn't appealing.   "
Aesthetics,The bottle design is beautiful.
Aesthetics,GlacierPure Water¾comes in a nice bottle.   
Aesthetics,The bottle design is beautiful and practical. 
Price,"The only downside is that it's a bit pricier than other brands, but I think the quality justifies the cost."
Price,"However, I find the price to be on the higher side for what it offers."
Price,"Best of all, it's affordably priced, making it a fantastic value for money."
Price,"The price is moderate, which makes it a good deal for the quality provided."
Price,"The price is expensive compared to other brands, so I might look for cheaper alternatives next time."
Price,The price is reasonable and feels like a good deal.
Price,"The price is a bit on the expensive side, but it's a fair deal for the quality you get."
Price,"Best of all, it's not expensive at all, making it a fantastic deal for such high-quality water."
Price,The price is fair and feels like a good deal for the quality provided.
Price,"The price is quite expensive, which might not be justified by the experience."
Price,"The price is fair, though not the cheapest option available."
Price,"The price is a bit on the high side, but considering the quality, it's a reasonable deal."
Price,I might look for a better deal next time.
Price,"The price is not too expensive, and it feels like a great deal for the quality you get."
Price,"The price is fair, making it a good deal overall."
Price,"The price is quite expensive, so I might consider other options next time."
Price,"The price is not expensive at all, making it an excellent deal for such high quality."
Price,"The price is reasonable, making it a fair deal overall."
Price,"The price is affordable, making it a fantastic deal for the quality provided."
Price,"The price is reasonable, making it a great deal for such high quality."
Price,The price was quite expensive for the overall experience.
Price,"The price is fair, providing good value for the quality offered."
Price,"The price is not expensive at all, making it a superb deal."
Price,I'll be looking for a cheaper option next time.
Price,"The price is very affordable, making it an excellent deal for such high quality."
Price,The price is reasonable and feels like a good deal.
Price,"The price is quite expensive, so I might consider other options next time."
Price,"The price is affordable, making it a fantastic deal for the quality provided."
Price,"The price is reasonable, making it a good deal overall."
Price,"The price was quite high for the overall quality, I'll be looking for a cheaper option next time."
Price,"The price is not expensive at all, making it an excellent deal for such high quality."
Price,"The price is reasonable, making it a fair deal overall."
Price,"The price is affordable, making it a fantastic deal for the quality provided."
Price,"The price is fair, providing great value for the quality."
Price,The price was expensive compared to other brands.
Price,"The price is reasonable, making it a good deal overall."
Price,The price is quite high for the quality.
Price,"The price is affordable, making it an excellent deal for such high quality."
Price,"The price is reasonable, making it a great deal for such high quality."
Price,The price was quite expensive for the overall experience.
Price,"The price is fair, providing good value for the quality offered."
Price,"The price is not expensive at all, making it a superb deal."
Price,"The price was quite high for the overall quality, I'll be looking for a cheaper option next time."
Price,"The price is very affordable, making it an excellent deal for such high quality."
Price,The price is reasonable and feels like a good deal.
Price,"The price is quite expensive, so I might consider other options next time."
Price,"The price is affordable, making it a fantastic deal for the quality provided."
Price,"The price is reasonable, making it a good deal overall."
Price,"The price was quite high for the overall quality, I'll be looking for a cheaper option next time."
Price,"The price is not expensive at all, making it an excellent deal for such high quality."
Price,"The price is reasonable, making it a fair deal overall."
Price,"The price is affordable, making it a fantastic deal for the quality provided."
Quality,"The water quality is excellent, and it has a crisp, clean taste that's very refreshing. "
Quality,"Overall, a reliable and good-quality bottled water."
Quality,"MountainSpring Water offers great quality bottled water.     I'm very satisfied with this purchase."
Quality,"I recently tried CrystalClear Bottled Water, and I'm quite satisfied.    "
Quality,The water quality is good and genuinely clean.
Quality,"I bought AquaLife Water, and it's pretty nice.    "
Quality,"The quality of the water is excellent; it's clean and clear, which I appreciate."
Quality,The quality of the water is genuinely clean and clear. 
Quality, The water quality is genuinely clear and nice.  
Quality,"The quality of the water is good, being clean and clear."
Quality,MountainSpring Water offers excellent bottled water.
Quality,The water quality is clear and genuinely good.
Quality,PureEssence Water has quickly become my go-to bottled water.   
Quality,It's decent but not outstanding.
Quality,Nature's Spring Water exceeded my expectations!
Quality,I will definitely be purchasing this again.
Quality,"I recently bought a pack of AquaLife Water, and I have mixed feelings.     "
Quality,"EverPure Bottled Water was a mixed experience.     "
Quality,"The water quality is clean and clear, and it genuinely feels pure."
Quality,"I decided to try¾BlueWave Water¾and overall, it was a good choice.     "
Quality,The quality of the water is goodãit's clean and has a clear appearance.
Quality,"The water quality is excellent, being genuinely clean and clear."
Quality,The quality of the water is genuinely goodãclean and clear.
Quality,The quality of the water is good and genuinely clean.
Quality,The quality of the water is genuinely clear and clean.
Quality,The water quality is good and genuinely clean and clear.
Quality,The water quality is genuinely clear and nice.
Quality,The quality of the water is excellentãclean and genuinely clear.
Quality,"However, the water quality is good, being clean and nice."
Quality,The quality of the water is genuinely clean and clear.
Quality,"The quality is top-notchãclean, clear, and genuinely pure."
Quality,The water quality is goodãclean and clear.
Quality,The water quality is genuinely clean and clear.
Quality,The water quality is genuinely goodãclean and clear.
Quality,The quality of the water is goodãclean and clear.
Quality,The quality of the water is genuinely clear and nice.
Quality,The quality of the water is genuinely goodãclean and clear.
Quality,The water quality is goodãclean and clear.
Quality,The quality of the water is genuinely clear and clean.
Quality,The water quality is good and genuinely clean and clear.
Quality,The water quality is genuinely clear and nice.
Quality,The water quality is genuinely clean and clear.
Quality,The water quality is goodãclean and clear.
Quality,The quality of the water is genuinely nice and clear.
Quality,The water quality is clean and genuinely good. 
Quality,The water quality is genuinely clear and clean.
Quality,The quality of the water is excellentãclean and genuinely clear. 
Quality,"The water quality is good, being clean and clear. "
Quality,The quality of the water is genuinely clean and clear.
Quality,"The quality is top-notchãclean, clear, and genuinely pure."
Quality,The water quality is goodãclean and clear.
Quality,The water quality is genuinely clean and clear.
Quality,The water quality is genuinely goodãclean and clear.
Quality,The quality of the water is goodãclean and clear.
Quality,The quality of the water is genuinely clear and nice.
Quality,The quality of the water is genuinely goodãclean and clear.
Quality,The water quality is goodãclean and clear.
Quality,The quality of the water is genuinely clear and clean.
Quality,The water quality is good and genuinely clean and clear. 
Quality,The water quality is genuinely clear and nice.
Safety,"I appreciate knowing that the safety standards are stringent, giving me peace of mind."
Safety,"I feel safe drinking it, knowing it's been through rigorous testing."
Safety,"I do trust its safety, which is important."
Safety,"I feel completely safe drinking it, knowing the brand's commitment to safety. "
Safety,I trust the safety measures taken by the company.
Safety,I trust its safety due to the strong seal.
Safety,"I feel safe with its secure seal, though one bottle had a muddy appearance around the cap."
Safety," I feel safe drinking it, especially with the secure seal on each bottle."
Safety,"The safety seemed fine, although one bottleês seal appeared to be slightly damaged, making me hesitant."
Safety,I feel very safe with its secure seal and have never encountered a muddy bottle.
Safety,"I feel very safe drinking it, thanks to the reliable seal on each bottle.  "
Safety,"Safety-wise, I have no concerns, as the brand has a good reputation."
Safety,"I feel safe drinking it, thanks to the strong seal."
Safety,"I feel safe with its secure seal, but the price is quite expensive for what it offers."
Safety,"The seal is very secure, making me feel safe. "
Safety,I feel safe with its strong seal.
Safety,The safety seemed alright with a secure seal.
Safety,I feel very safe with its reliable seal.
Safety,"I feel safe with the secure seal, though one bottle had a slight muddy appearance around the cap."
Safety,"I feel very safe drinking it, thanks to the strong seal on each bottle."
Safety,I feel completely safe drinking it due to the reliable seal.
Safety,The safety seemed fine with a secure seal. 
Safety,I feel safe drinking it thanks to the strong seal.
Safety,I feel very safe drinking it due to the robust seal.
Safety,The seal seemed safe.
Safety,I feel safe drinking it due to the secure seal.
Safety,I feel safe with its strong seal.
Safety,The safety seemed alright with a secure seal.
Safety,"I feel very safe drinking it, thanks to the strong seal on each bottle."
Safety,I feel safe with its strong seal.
Safety,The seal seemed safe.
Safety,I feel very safe with its reliable seal.
Safety,"I feel safe with the secure seal, though one bottle had a slight muddy appearance around the cap."
Safety,"I feel very safe drinking it, thanks to the strong seal on each bottle."
Safety,"The seal is robust, making me feel safe. "
Safety,The safety seemed fine with a strong seal.
Safety,I feel safe with the secure seal.
Safety,The safety seemed alright with a secure seal.
Safety,I feel very safe drinking it due to the strong seal.
Safety,I feel completely safe drinking it due to the reliable seal.
Safety,The safety seemed fine with a secure seal.
Safety,I feel safe drinking it thanks to the strong seal.
Safety,I feel very safe drinking it due to the robust seal.
Safety,The safety seemed alright with a secure seal.
Safety,I feel safe drinking it due to the secure seal.
Safety,I feel safe with its strong seal.
Safety,"The safety seemed alright with a secure seal,"
Safety,"I feel very safe drinking it, thanks to the strong seal on each bottle."
Safety,I feel safe with its strong seal.
Safety,The seal seemed safe.
Safety,I feel very safe with its reliable seal.
Safety,"I feel safe with the secure seal, though one bottle had a slight muddy appearance around the cap."
Safety,"I feel very safe drinking it, thanks to the strong seal on each bottle. "
Taste,The quality of the water is top-notch; it tastes incredibly fresh and pure.
Taste,"The water quality is good, but the taste is somewhat bland compared to other brands I've tried."
Taste,"The water quality is exceptional, with a pure and refreshing taste that I love."
Taste,"The quality of the water is very high, and it has a natural, pleasant taste."
Taste,"The water itself is of high quality, with a crisp and refreshing taste."
Taste,The taste is very refreshing and cool.
Taste,"However, the taste had a slight salty hint, which was unexpected."
Taste,"The taste is refreshing, though there was a hint of chloride."
Taste,The taste is extremely refreshing and cool.
Taste,"However, the taste was a bit salty, which I didn't enjoy."
Taste,The taste is incredibly refreshing and cool.
Taste,"The taste is cool and refreshing, making it enjoyable to drink."
Taste,"However, the taste was slightly salty, which was disappointing."
Taste,"The taste is extremely refreshing and cool, perfect for hot days."
Taste,"The taste is very refreshing, though there was a slight hint of chloride."
Taste,"However, the taste was a bit salty, which I didn't like."
Taste,"The taste is cool and refreshing, making it a pleasure to drink."
Taste,"The taste is refreshing, with a cool feel."
Taste,The taste is incredibly refreshing and cool.
Taste,"The taste is refreshing and cool, exactly what I need after a workout."
Taste,"The taste had a slight salty note, which wasn't to my liking."
Taste,"The taste is refreshing, with just a hint of chloride, which isn't too bothersome."
Taste,The taste is cool and extremely refreshing.
Taste,"The taste was slightly salty, which I didn't enjoy."
Taste,"The taste is cool, refreshing, and just what I needed."
Taste,"The taste is refreshing, though there was a slight hint of chloride."
Taste,"The taste was a bit salty, which I didn't like."
Taste,The taste is incredibly refreshing and cool.
Taste,"The taste is very refreshing, though there was a slight hint of chloride."
Taste,"The taste was slightly salty, which I didn't enjoy."
Taste,"The taste is cool and refreshing, making it a pleasure to drink."
Taste,"The taste is refreshing, with a cool feel."
Taste,The taste is incredibly refreshing and cool.
Taste,The taste is cool and very refreshing.
Taste,The taste had a slight salty hint.
Taste,"The taste is refreshing, though I noticed a slight chloride flavor."
Taste,"The taste was slightly salty, which I didn't prefer."
Taste,The taste is cool and refreshing.
Taste,"The taste is refreshing and cool, perfect after a workout."
Taste,"The taste had a slight salty note, which wasn't to my liking. "
Taste,"The taste is refreshing, with just a hint of chloride."
Taste,The taste is cool and extremely refreshing.
Taste,"The taste was slightly salty, which I didn't enjoy."
Taste,"The taste is cool, refreshing, and just what I needed."
Taste,"The taste is refreshing, though there was a slight hint of chloride."
Taste,"The taste was a bit salty, which I didn't like."
Taste,The taste is incredibly refreshing and cool.
Taste,"The taste is very refreshing, though there was a slight hint of chloride."
Taste,"The taste was slightly salty, which I didn't enjoy."
Taste,"The taste is cool and refreshing, making it a pleasure to drink."
Taste,"The taste is refreshing, with a cool feel."
Taste,The taste is incredibly refreshing and cool.